number_plates/licensed_car_198.jpeg,195,199,280,234,license_plate
number_plates/licensed_car_25.jpeg,283,178,433,221,license_plate
number_plates/licensed_car_145.jpeg,316,277,714,386,license_plate
number_plates/licensed_car_21.jpeg,273,3,511,66,license_plate
number_plates/licensed_car_144.jpeg,110,185,438,278,license_plate
number_plates/licensed_car_29.jpeg,121,43,1496,338,license_plate
number_plates/licensed_car_66.jpeg,93,132,362,284,license_plate
number_plates/licensed_car_64.jpeg,62,132,175,190,license_plate
number_plates/licensed_car_181.jpeg,285,252,497,320,license_plate
number_plates/licensed_car_100.jpeg,29,53,228,162,license_plate
number_plates/licensed_car_173.jpeg,221,122,431,184,license_plate
number_plates/licensed_car_143.jpeg,178,205,350,274,license_plate
number_plates/licensed_car_92.jpeg,151,354,303,426,license_plate
number_plates/licensed_car_176.jpeg,130,181,263,225,license_plate
number_plates/licensed_car_131.jpeg,227,179,382,228,license_plate
number_plates/licensed_car_44.jpeg,596,464,887,530,license_plate
number_plates/licensed_car_200.jpeg,20,244,100,319,license_plate
number_plates/licensed_car_204.jpeg,160,211,285,263,license_plate
number_plates/licensed_car_165.jpeg,115,173,318,240,license_plate
number_plates/licensed_car_39.jpeg,8,81,299,168,license_plate
number_plates/licensed_car_224.jpeg,24,36,187,104,license_plate
number_plates/licensed_car_48.jpeg,313,291,1126,531,license_plate
number_plates/licensed_car_103.jpeg,300,190,2343,716,license_plate
number_plates/licensed_car_134.jpeg,107,153,255,206,license_plate
number_plates/licensed_car_222.jpeg,141,221,351,273,license_plate
number_plates/licensed_car_51.jpeg,371,202,500,261,license_plate
number_plates/licensed_car_45.jpeg,407,169,534,214,license_plate
number_plates/licensed_car_205.jpeg,100,156,268,217,license_plate
number_plates/licensed_car_0.jpeg,582,274,700,321,license_plate
number_plates/licensed_car_113.jpeg,16,121,480,284,license_plate
number_plates/licensed_car_170.jpeg,556,442,1746,1079,license_plate
number_plates/licensed_car_8.jpeg,644,508,893,578,license_plate
number_plates/licensed_car_206.jpeg,363,166,435,202,license_plate
number_plates/licensed_car_137.jpeg,179,262,395,337,license_plate
number_plates/licensed_car_182.jpeg,183,204,255,233,license_plate
number_plates/licensed_car_70.jpeg,163,214,305,261,license_plate
number_plates/licensed_car_116.jpeg,115,126,522,326,license_plate
number_plates/licensed_car_105.jpeg,12,107,697,400,license_plate
number_plates/licensed_car_76.jpeg,145,200,325,250,license_plate
number_plates/licensed_car_55.jpeg,281,188,443,237,license_plate
number_plates/licensed_car_5.jpeg,106,280,261,335,license_plate
number_plates/licensed_car_156.jpeg,354,192,586,288,license_plate
number_plates/licensed_car_207.jpeg,138,66,451,155,license_plate
number_plates/licensed_car_139.jpeg,24,207,148,253,license_plate
number_plates/licensed_car_43.jpeg,26,16,485,255,license_plate
number_plates/licensed_car_83.jpeg,200,132,344,179,license_plate
number_plates/licensed_car_194.jpeg,88,99,136,128,license_plate
number_plates/licensed_car_179.jpeg,389,450,600,509,license_plate
number_plates/licensed_car_231.jpeg,13,117,147,186,license_plate
number_plates/licensed_car_26.jpeg,183,219,457,320,license_plate
number_plates/licensed_car_31.jpeg,450,277,568,356,license_plate
number_plates/licensed_car_79.jpeg,559,457,848,541,license_plate
number_plates/licensed_car_149.jpeg,179,265,344,321,license_plate
number_plates/licensed_car_201.jpeg,251,187,375,234,license_plate
number_plates/licensed_car_191.jpeg,333,934,646,1062,license_plate
number_plates/licensed_car_9.jpeg,674,365,958,572,license_plate
number_plates/licensed_car_38.jpeg,794,486,912,524,license_plate
number_plates/licensed_car_108.jpeg,39,39,567,340,license_plate
number_plates/licensed_car_218.jpeg,180,115,380,188,license_plate
number_plates/licensed_car_97.jpeg,123,117,221,170,license_plate
number_plates/licensed_car_110.jpeg,21,170,412,399,license_plate
number_plates/licensed_car_19.jpeg,262,190,742,393,license_plate
number_plates/licensed_car_33.jpeg,46,349,262,417,license_plate
number_plates/licensed_car_127.jpeg,192,55,608,209,license_plate
number_plates/licensed_car_22.jpeg,250,506,487,584,license_plate
number_plates/licensed_car_166.jpeg,18,34,320,158,license_plate
number_plates/licensed_car_62.jpeg,6,10,495,245,license_plate
number_plates/licensed_car_157.jpeg,63,127,291,224,license_plate
number_plates/licensed_car_234.jpeg,167,202,314,255,license_plate
number_plates/licensed_car_80.jpeg,65,138,355,250,license_plate
number_plates/licensed_car_18.jpeg,334,191,433,234,license_plate
number_plates/licensed_car_37.jpeg,122,108,192,170,license_plate
number_plates/licensed_car_53.jpeg,208,156,355,195,license_plate
number_plates/licensed_car_120.jpeg,136,154,377,220,license_plate
number_plates/licensed_car_199.jpeg,560,206,670,250,license_plate
number_plates/licensed_car_133.jpeg,204,269,357,379,license_plate
number_plates/licensed_car_6.jpeg,227,241,444,315,license_plate
number_plates/licensed_car_84.jpeg,103,209,258,276,license_plate
number_plates/licensed_car_195.jpeg,80,126,199,184,license_plate
number_plates/licensed_car_221.jpeg,93,332,298,406,license_plate
number_plates/licensed_car_172.jpeg,16,8,495,134,license_plate
number_plates/licensed_car_42.jpeg,26,262,164,329,license_plate
number_plates/licensed_car_60.jpeg,769,726,1122,845,license_plate
number_plates/licensed_car_214.jpeg,143,244,339,321,license_plate
number_plates/licensed_car_7.jpeg,267,248,396,320,license_plate
number_plates/licensed_car_168.jpeg,219,141,434,197,license_plate
number_plates/licensed_car_117.jpeg,161,116,433,249,license_plate
number_plates/licensed_car_89.jpeg,845,805,1592,982,license_plate
number_plates/licensed_car_188.jpeg,787,241,1047,302,license_plate
number_plates/licensed_car_184.jpeg,100,148,259,208,license_plate
number_plates/licensed_car_106.jpeg,230,187,327,249,license_plate
number_plates/licensed_car_98.jpeg,26,64,214,148,license_plate
number_plates/licensed_car_129.jpeg,138,137,378,208,license_plate
number_plates/licensed_car_147.jpeg,162,227,312,274,license_plate
number_plates/licensed_car_52.jpeg,49,292,196,346,license_plate
number_plates/licensed_car_202.jpeg,99,205,409,311,license_plate
number_plates/licensed_car_109.jpeg,42,82,412,186,license_plate
number_plates/licensed_car_74.jpeg,159,163,343,226,license_plate
number_plates/licensed_car_112.jpeg,22,50,499,362,license_plate
number_plates/licensed_car_161.jpeg,259,214,326,263,license_plate
number_plates/licensed_car_54.jpeg,104,229,281,288,license_plate
number_plates/licensed_car_142.jpeg,638,337,749,387,license_plate
number_plates/licensed_car_104.jpeg,315,184,459,221,license_plate
number_plates/licensed_car_210.jpeg,131,104,405,226,license_plate
number_plates/licensed_car_209.jpeg,56,221,265,289,license_plate
number_plates/licensed_car_59.jpeg,147,234,357,324,license_plate
number_plates/licensed_car_95.jpeg,302,420,671,534,license_plate
number_plates/licensed_car_174.jpeg,209,83,448,160,license_plate
number_plates/licensed_car_192.jpeg,535,381,778,474,license_plate
number_plates/licensed_car_35.jpeg,315,263,544,322,license_plate
number_plates/licensed_car_220.jpeg,55,191,194,238,license_plate
number_plates/licensed_car_13.jpeg,99,222,244,336,license_plate
number_plates/licensed_car_77.jpeg,453,110,826,242,license_plate
number_plates/licensed_car_102.jpeg,128,74,361,202,license_plate
number_plates/licensed_car_126.jpeg,443,255,639,347,license_plate
number_plates/licensed_car_150.jpeg,139,241,342,314,license_plate
number_plates/licensed_car_163.jpeg,341,229,510,314,license_plate
number_plates/licensed_car_233.jpeg,184,151,308,206,license_plate
number_plates/licensed_car_101.jpeg,21,56,227,154,license_plate
number_plates/licensed_car_177.jpeg,36,123,110,165,license_plate
number_plates/licensed_car_146.jpeg,189,130,357,182,license_plate
number_plates/licensed_car_121.jpeg,27,37,429,130,license_plate
number_plates/licensed_car_130.jpeg,14,13,499,116,license_plate
number_plates/licensed_car_135.jpeg,128,282,307,321,license_plate
number_plates/licensed_car_219.jpeg,140,155,328,212,license_plate
number_plates/licensed_car_151.jpeg,95,96,200,141,license_plate
number_plates/licensed_car_159.jpeg,365,245,776,479,license_plate
number_plates/licensed_car_81.jpeg,335,305,472,367,license_plate
number_plates/licensed_car_215.jpeg,184,305,389,370,license_plate
number_plates/licensed_car_93.jpeg,58,150,171,206,license_plate
number_plates/licensed_car_17.jpeg,60,216,187,280,license_plate
number_plates/licensed_car_115.jpeg,48,74,599,188,license_plate
number_plates/licensed_car_10.jpeg,200,138,422,219,license_plate
number_plates/licensed_car_47.jpeg,397,421,598,483,license_plate
number_plates/licensed_car_67.jpeg,43,200,114,265,license_plate
number_plates/licensed_car_72.jpeg,138,78,381,186,license_plate
number_plates/licensed_car_11.jpeg,348,378,499,437,license_plate
number_plates/licensed_car_225.jpeg,143,206,402,273,license_plate
number_plates/licensed_car_107.jpeg,39,37,316,190,license_plate
number_plates/licensed_car_1.jpeg,80,382,288,449,license_plate
number_plates/licensed_car_23.jpeg,288,423,572,496,license_plate
number_plates/licensed_car_68.jpeg,91,296,211,344,license_plate
number_plates/licensed_car_187.jpeg,233,178,355,224,license_plate
number_plates/licensed_car_122.jpeg,6,33,220,124,license_plate
number_plates/licensed_car_167.jpeg,288,301,584,400,license_plate
number_plates/licensed_car_14.jpeg,151,103,360,186,license_plate
number_plates/licensed_car_230.jpeg,140,149,324,220,license_plate
number_plates/licensed_car_63.jpeg,35,195,192,272,license_plate
number_plates/licensed_car_216.jpeg,237,102,387,162,license_plate
number_plates/licensed_car_3.jpeg,217,313,359,359,license_plate
number_plates/licensed_car_190.jpeg,115,86,227,117,license_plate
number_plates/licensed_car_223.jpeg,136,196,348,278,license_plate
number_plates/licensed_car_58.jpeg,92,254,301,368,license_plate
number_plates/licensed_car_4.jpeg,209,220,866,554,license_plate
number_plates/licensed_car_160.jpeg,1017,615,1272,678,license_plate
number_plates/licensed_car_136.jpeg,155,201,328,274,license_plate
number_plates/licensed_car_34.jpeg,1185,968,2486,1356,license_plate
number_plates/licensed_car_119.jpeg,13,64,471,161,license_plate
number_plates/licensed_car_193.jpeg,3,22,250,189,license_plate
number_plates/licensed_car_141.jpeg,146,134,395,196,license_plate
number_plates/licensed_car_94.jpeg,294,212,453,264,license_plate
number_plates/licensed_car_152.jpeg,120,264,230,299,license_plate
number_plates/licensed_car_128.jpeg,156,98,299,154,license_plate
number_plates/licensed_car_155.jpeg,315,280,878,393,license_plate
number_plates/licensed_car_96.jpeg,315,193,597,268,license_plate
number_plates/licensed_car_71.jpeg,141,248,343,312,license_plate
number_plates/licensed_car_69.jpeg,149,204,325,261,license_plate
number_plates/licensed_car_91.jpeg,606,288,782,354,license_plate
number_plates/licensed_car_217.jpeg,111,117,391,211,license_plate
number_plates/licensed_car_169.jpeg,12,66,249,199,license_plate
number_plates/licensed_car_229.jpeg,102,134,262,200,license_plate
